{
  "토공": {
    "contact": {
      "span_index": {
        "45": 592,
        "50": 593,
        "55": 594,
        "60": 595
      }
    },
    "af": {
      "offset": {
        "x": 1.637,
        "y": 7.228381
      },

      "span_index": {
        "45": 1236,
        "50": 1237,
        "55": 1238,
        "60": 1239
      }
    },
    "fpw": {
      "offset": {
        "x": 3.239,
        "y": 4.89
      },

      "span_index": {
        "45": 1241,
        "50": 1242,
        "55": 1243,
        "60": 1244
      }
    }
  },
  "교량": {
    "contact": {
      "span_index": {
        "45": 592,
        "50": 593,
        "55": 594,
        "60": 595
      }
    },
    "af": {
      "offset": {
        "x": 2.137,
        "y": 7.228381
      },
      "span_index": {
        "45": 1236,
        "50": 1237,
        "55": 1238,
        "60": 1239
      }
    },
    "fpw": {
      "offset": {
        "x": 3.7397,
        "y": 4.89
      },
      "span_index": {
        "45": 1241,
        "50": 1242,
        "55": 1243,
        "60": 1244
      }
    }
  },
  "터널": {
    "contact": {
      "span_index": {
        "45": 614,
        "50": 615,
        "55": 616,
        "60": 617
      }
    },
    "af": {
      "offset": {
        "x": 3,
        "y": 5
      },
      "span_index": {
        "45": 1236,
        "50": 1237,
        "55": 1238,
        "60": 1239
      }
    },
    "fpw": {
      "offset": {
        "x": 2,
        "y": 5
      },
      "span_index": {
        "45": 1241,
        "50": 1242,
        "55": 1243,
        "60": 1244
      }
    }
  }
}