{
  "토공": {
    "contact": {
      "span_index": {
        "45": 484,
        "50": 478,
        "55": 485,
        "60": 479
      }
    },
    "af": {
      "span_index": {
        "45": 1236,
        "50": 1237,
        "55": 1238,
        "60": 1239
      },
      "offset": {
        "x": 1.637,
        "y": 7.228381
      }
    },
    "fpw": {
      "span_index": {
        "45": 1241,
        "50": 1242,
        "55": 1243,
        "60": 1244
      },
      "offset": {
        "x": 3.239,
        "y": 4.89
      }
    }
  },
  "교량": {
    "contact": {
      "span_index": {
        "45": 484,
        "50": 478,
        "55": 485,
        "60": 479
      }
    },
    "af": {
      "span_index": {
        "45": 1236,
        "50": 1237,
        "55": 1238,
        "60": 1239
      },
      "offset": {
        "x": 2.137,
        "y": 7.228381
      }
    },
    "fpw": {
      "span_index": {
        "45": 1241,
        "50": 1242,
        "55": 1243,
        "60": 1244
      },
      "offset": {
        "x": 3.7397,
        "y": 4.89
      }
    }
  },
  "터널": {
    "contact": {
      "span_index": {
        "45": 494,
        "50": 495,
        "55": 496,
        "60": 497
      }
    },
    "af": {
      "offset": {
        "x": 3.0,
        "y": 5
      },
      "span_index": {
        "45": 1236,
        "50": 1237,
        "55": 1238,
        "60": 1239
      }
    },
    "fpw": {
      "offset": {
        "x": 2,
        "y": 5
      },
      "span_index": {
        "45": 1241,
        "50": 1242,
        "55": 1243,
        "60": 1244
      }
    }
  }
}